[
    {
        "id":1,
        "title": "Bone Machine",
        "time": "3:02",
        "note": "Lorem ipsum dolor  consectetur nunc vel pellentesque massa tristique."
    },
    {
        "id":2,
        "title": "Break My Body",
        "time": "2:05"
    },
    {
        "id":3,
        "title": "Something Against You",
        "time": "1:47",
        "note": "A Lorem ipsum dolor  consectetur nunc vel pellentesque massa tristique."
    },
    {
        "id":4,
        "title": "Broken Face",
        "time": "1:30"
    },
    {
        "id":5,
        "title": "Gigantic",
        "time": "3:45"
    },
    {
        "id":6,
        "title": "River Euphrates",
        "time": "2:33",
        "note": "B Lorem ipsum dolor  consectetur nunc vel pellentesque massa tristique."
    },
    {
        "id":7,
        "title": "Where Is My Mind?",
        "time": "3:53"
    },
    {
        "id":8,
        "title": "Cactus",
        "time": "2:16"
    },
    {
        "id":9,
        "title": "Tony's Theme",
        "time": "1:52"
    },
    {
        "id":10,
        "title": "Oh My Golly!",
        "time": "2:32"
    },
    {
        "id":11,
        "title": "Vamos",
        "time": "4:18"
    },
    {
        "id":12,
        "title": "I'm Amazed",
        "time": "1:42"
    },
    {
        "id":13,
        "title": "Brick Is Red",
        "time": "2:00"
    }
]